{"cameraMode":{"drawMode":1,"name":"Wireframe","section":"Shading Mode"},"sceneLighting":false,"audioPlay":false,"sceneViewState":{"showFog":true,"showMaterialUpdate":false,"showSkybox":false,"showFlares":true,"showImageEffects":true,"showParticleSystems":true},"in2DMode":false,"pivot":{"x":0.00010693073272705078,"y":1.0782729387283326,"z":0.10452214628458023},"rotation":{"x":0.19022595882415772,"y":0.5340628623962402,"z":-0.12476543337106705,"w":0.8142644762992859},"size":0.7101282477378845,"orthographic":false}