{"cameraMode":{"drawMode":1,"name":"Wireframe","section":"Shading Mode"},"sceneLighting":true,"audioPlay":false,"sceneViewState":{"showFog":true,"showMaterialUpdate":false,"showSkybox":true,"showFlares":true,"showImageEffects":true,"showParticleSystems":true},"in2DMode":false,"pivot":{"x":27.12525177001953,"y":26.352643966674806,"z":19.299755096435548},"rotation":{"x":0.19022595882415772,"y":0.5340628623962402,"z":-0.12476543337106705,"w":0.8142644762992859},"size":55.69676971435547,"orthographic":false}