{"cameraMode":{"drawMode":1,"name":"Wireframe","section":"Shading Mode"},"sceneLighting":false,"audioPlay":false,"sceneViewState":{"showFog":true,"showMaterialUpdate":false,"showSkybox":false,"showFlares":true,"showImageEffects":true,"showParticleSystems":true},"in2DMode":false,"pivot":{"x":-4.76837158203125e-7,"y":0.9803237915039063,"z":-0.5123468637466431},"rotation":{"x":0.19022595882415772,"y":0.5340628623962402,"z":-0.12476543337106705,"w":0.8142644762992859},"size":4.943760395050049,"orthographic":false}