{"cameraMode":{"drawMode":0,"name":"Shaded","section":"Shading Mode"},"sceneLighting":false,"audioPlay":false,"sceneViewState":{"showFog":true,"showMaterialUpdate":false,"showSkybox":false,"showFlares":true,"showImageEffects":true,"showParticleSystems":true},"in2DMode":false,"pivot":{"x":-408.515625,"y":-137.68728637695313,"z":1640.625244140625},"rotation":{"x":-0.13916055858135224,"y":0.7595881223678589,"z":-0.17289972305297852,"w":-0.6113642454147339},"size":8276.240234375,"orthographic":false}